case,r,h,c,omega_lo,omega_hi,response_norm_lo,response_norm_hi,C2_gap,C3_gap,C4_gap,KL_upper,eligible,honest_C2_expected_length_lower
r1_h3,1,1/8,0,1.4172913775,1.4172913776,1.50482278E-3,1.50482279E-3,1/256,1/6144,1/196608,2.26449162E+6,False,
r1_h4,1,1/16,0,1.4149813694,1.4149813695,3.75960673E-4,3.75960674E-4,1/1024,1/49152,1/3145728,1.41346428E+5,False,
r1_h5,1,1/32,0,1.4144054115,1.4144054116,9.39748688E-5,9.39748689E-5,1/4096,1/393216,1/50331648,8.83127599E+3,False,
r1_h6,1,1/64,0,1.4142615182,1.4142615183,2.34927612E-5,2.34927613E-5,1/16384,1/3145728,1/805306368,5.51909831E+2,False,
r1_h7,1,1/128,0,1.4142255509,1.4142255510,5.87313056E-6,5.87313057E-6,1/65536,1/25165824,1/12884901888,3.44936627E+1,False,
r2_h3,2,1/8,0,2.0173975394,2.0173975395,1.32258460E-5,1.32258461E-5,3/1280,1/10240,1/327680,1.74923003E+2,False,
r2_h4,2,1/16,0,2.0043098736,2.0043098737,8.20795874E-7,8.20795875E-7,3/5120,1/81920,1/5242880,6.73705869E-1,False,
r2_h5,2,1/32,0,2.0010750291,2.0010750292,5.12095383E-8,5.12095384E-8,3/20480,1/655360,1/83886080,2.62241682E-3,True,39/409600
r2_h6,2,1/64,0,2.0002686053,2.0002686054,3.19918952E-9,3.19918953E-9,3/81920,1/5242880,1/1342177280,1.02348137E-5,True,39/1638400
r2_h7,2,1/128,0,2.0000671418,2.0000671419,1.99927377E-10,1.99927378E-10,3/327680,1/41943040,1/21474836480,3.99709564E-8,True,39/6553600
r3_h3,3,1/8,0,2.4972778735,2.4972778736,3.30183440E-7,3.30183441E-7,9/5120,3/40960,3/1310720,1.09021105E-1,True,117/102400
r3_h4,3,1/16,0,2.4611886562,2.4611886563,5.02964401E-9,5.02964402E-9,9/20480,3/327680,3/20971520,2.52973190E-5,True,117/409600
r3_h5,3,1/32,0,2.4523993980,2.4523993981,7.80948954E-11,7.80948955E-11,9/81920,3/2621440,3/335544320,6.09881270E-9,True,117/1638400
r3_h6,3,1/64,0,2.4502162211,2.4502162212,1.21831768E-12,1.21831769E-12,9/327680,3/20971520,3/5368709120,1.48429800E-12,True,117/6553600
r3_h7,3,1/128,0,2.4496713040,2.4496713041,1.90287447E-14,1.90287448E-14,9/1310720,3/167772160,3/85899345920,3.62093127E-16,True,117/26214400
r3_shift_minus,3,1/16,-1/4,2.8169169761,2.8169169762,1.12359018E-8,1.12359019E-8,9/20480,3/327680,3/20971520,1.26245491E-4,True,117/409600
r3_shift_plus,3,1/16,1/4,2.1855288389,2.1855288390,2.47660004E-9,2.47660005E-9,9/20480,3/327680,3/20971520,6.13354780E-6,True,117/409600
r4_h3,4,1/8,0,2.9273909595,2.9273909596,1.65746678E-8,1.65746679E-8,63/43520,21/348160,21/11141120,2.74719615E-4,True,819/870400
r4_h4,4,1/16,0,2.8522470468,2.8522470469,6.08436132E-11,6.08436133E-11,63/174080,21/2785280,21/178257920,3.70194528E-9,True,819/3481600
r4_h5,4,1/32,0,2.8343274325,2.8343274326,2.34067420E-13,2.34067421E-13,63/696320,21/22282240,21/2852126720,5.47875575E-14,True,819/13926400
r4_h6,4,1/64,0,2.8298988273,2.8298988274,9.10855287E-16,9.10855288E-16,63/2785280,21/178257920,21/45634027520,8.29657355E-19,True,819/55705600
r4_h7,4,1/128,0,2.8287948401,2.8287948402,3.55465078E-18,3.55465079E-18,63/11141120,21/1426063360,21/730144440320,1.26355422E-23,True,819/222822400
