case,calibration,K,frequencies,target_gap_exact,alternative_mass_exact
known_K1_uniform,known,1,1,513/65536,513/512
known_K2_uniform,known,2,1;2,127065/2046689344,165700/165697
known_K3_uniform,known,3,1;2;3,567808641/181916197777408,176198977/176198896
known_K4_uniform,known,4,1;2;3;4,3956931816075/8991016084026342176,130466074288/130466071453
unknown_K1_dyadic,unknown,1,1;2,41730113/5326848000,41730113/41616000
unknown_K1_halfshift,unknown,1,1/2;3/2,1085742857/138498048000,1085742857/1082016000
unknown_K1_uniform,unknown,1,1;2,41730113/5326848000,41730113/41616000
unknown_K2_dyadic,unknown,2,1;2;4,429530910125/6925325834014784,5046071928500/5045978991753
unknown_K2_halfshift,unknown,2,1/2;3/2;5/2,299955737305625/4887884045012300864,3561491663718500/3561444009481113
unknown_K2_uniform,unknown,2,1;2;3,4038490804625/65156724058631744,47475829458500/47474944667073
unknown_K3_dyadic,unknown,3,1;2;4;8,71698933977769004571/22916986527541120821248000,11098378506720145851/11098373248599988000
unknown_K3_halfshift,unknown,3,1/2;3/2;5/2;7/2,1232491736303171758047123/415771316729107079083309158400,402704433443920614897051/402704365478074517150800
unknown_K3_uniform,unknown,3,1;2;3;4,349410269184451613397/112499920953328382536192000,108964296854635134339/108964249001720554000
unknown_K4_dyadic,unknown,4,1;2;4;8;16,22871504346896355555925/51210875680226818610160035776,3343978964375709379304/3343978885647624290451
unknown_K4_halfshift,unknown,4,1/2;3/2;5/2;7/2;9/2,30303521609171517217950404225/76758524685784054896857911814412512,10024389712341951388312382096/10024389641196112632745779099
unknown_K4_uniform,unknown,4,1;2;3;4;5,2830050399881781736800725/6474377837643995300439396077792,845530678907714569040336/845530661181248199277659
